episode,total_reward
1,-2882.0
2,-3087.0
3,-2190.0
4,-1888.0
5,-2110.0
6,-2862.0
7,-1715.0
8,-2148.0
9,-3592.0
10,-2014.0
11,-2232.0
12,-1673.0
13,-2156.0
14,-2198.0
15,-3058.0
16,-3044.0
17,-1388.0
18,-4162.0
19,-2210.0
20,-2793.0
21,-1575.0
22,-2204.0
23,-1780.0
24,-1669.0
25,-2353.0
26,-3449.0
27,-1321.0
28,-1703.0
29,-2157.0
30,-2148.0
31,-1310.0
32,-2928.0
33,-1632.0
34,-2391.0
35,-2025.0
36,-1128.0
37,-3278.0
38,-1725.0
39,-2535.0
40,-1520.0
41,-1731.0
42,-1519.0
43,-2074.0
44,-2896.0
45,-2232.0
46,-1262.0
47,-1928.0
48,-1035.0
49,-1627.0
50,-1138.0
51,-1476.0
52,-2153.0
53,-1271.0
54,-1888.0
55,-1767.0
56,-2141.0
57,-2573.0
58,-3487.0
59,-2517.0
60,-1196.0
61,-2061.0
62,-1225.0
63,-1237.0
64,-1555.0
65,-2470.0
66,-1530.0
67,-1879.0
68,-1539.0
69,-1055.0
70,-1211.0
71,-1630.0
72,-2150.0
73,-1735.0
74,-1109.0
75,-995.0
76,-1289.0
77,-2089.0
78,-1798.0
79,-1215.0
80,-1105.0
81,-1432.0
82,-1549.0
83,-1673.0
84,-1261.0
85,-2262.0
86,-1339.0
87,-1504.0
88,-1696.0
89,-1054.0
90,-2283.0
91,-3152.0
92,-2952.0
93,-2116.0
94,-1614.0
95,-852.0
96,-1185.0
97,-1604.0
98,-1782.0
99,-1237.0
100,-1625.0
101,-2104.0
102,-1033.0
103,-1202.0
104,-1048.0
105,-1295.0
106,-1275.0
107,-1784.0
108,-963.0
109,-1461.0
110,-1073.0
111,-1699.0
112,-1643.0
113,-2142.0
114,-1126.0
115,-1010.0
116,-2139.0
117,-1366.0
118,-1708.0
119,-1422.0
120,-3625.0
121,-1272.0
122,-1721.0
123,-887.0
124,-1066.0
125,-1185.0
126,-2827.0
127,-3047.0
128,-1129.0
129,-1849.0
130,-1155.0
131,-961.0
132,-1769.0
133,-1550.0
134,-1499.0
135,-1571.0
136,-1091.0
137,-1338.0
138,-1199.0
139,-1417.0
140,-1336.0
141,-1650.0
142,-1308.0
143,-702.0
144,-1125.0
145,-1075.0
146,-1038.0
147,-1269.0
148,-995.0
149,-1854.0
150,-1249.0
151,-1074.0
152,-1324.0
153,-1323.0
154,-803.0
155,-890.0
156,-3814.0
157,-1205.0
158,-1453.0
159,-1884.0
160,-1137.0
161,-979.0
162,-1058.0
163,-1196.0
164,-816.0
165,-1397.0
166,-1756.0
167,-1431.0
168,-1924.0
169,-1767.0
170,-1081.0
171,-2125.0
172,-3585.0
173,-1235.0
174,-2496.0
175,-1944.0
176,-1055.0
177,-1211.0
178,-1286.0
179,-1247.0
180,-1019.0
181,-1456.0
182,-1246.0
183,-1108.0
184,-1057.0
185,-1319.0
186,-1155.0
187,-1843.0
188,-1487.0
189,-1168.0
190,-1231.0
191,-1542.0
192,-1179.0
193,-961.0
194,-1238.0
195,-1100.0
196,-1999.0
197,-3475.0
198,-933.0
199,-2289.0
200,-1037.0
201,-773.0
202,-848.0
203,-2031.0
204,-941.0
205,-1352.0
206,-1088.0
207,-1413.0
208,-1188.0
209,-2005.0
210,-2197.0
211,-1900.0
212,-825.0
213,-1225.0
214,-1344.0
215,-1946.0
216,-898.0
217,-983.0
218,-1617.0
219,-904.0
220,-1471.0
221,-1551.0
222,-1135.0
223,-1278.0
224,-1175.0
225,-1253.0
226,-1162.0
227,-1486.0
228,-1494.0
229,-1266.0
230,-808.0
231,-1465.0
232,-1559.0
233,-1206.0
234,-1267.0
235,-1259.0
236,-1959.0
237,-1333.0
238,-1143.0
239,-1630.0
240,-1168.0
241,-1102.0
242,-983.0
243,-1688.0
244,-853.0
245,-1007.0
246,-2192.0
247,-1270.0
248,-1722.0
249,-1774.0
250,-1194.0
251,-1318.0
252,-1378.0
253,-829.0
254,-922.0
255,-1525.0
256,-1300.0
257,-3100.0
258,-956.0
259,-838.0
260,-1011.0
261,-1236.0
262,-1235.0
263,-679.0
264,-1809.0
265,-820.0
266,-812.0
267,-2005.0
268,-1280.0
269,-2616.0
270,-721.0
271,-1284.0
272,-1431.0
273,-1471.0
274,-1067.0
275,-968.0
276,-919.0
277,-890.0
278,-997.0
279,-797.0
280,-729.0
281,-835.0
282,-1059.0
283,-2127.0
284,-911.0
285,-1556.0
286,-1283.0
287,-740.0
288,-1256.0
289,-989.0
290,-957.0
291,-1000.0
292,-1641.0
293,-2491.0
294,-1143.0
295,-838.0
296,-912.0
297,-1032.0
298,-745.0
299,-1546.0
300,-1283.0
301,-1632.0
302,-1140.0
303,-844.0
304,-1083.0
305,-1875.0
306,-1278.0
307,-877.0
308,-910.0
309,-947.0
310,-863.0
311,-744.0
312,-1074.0
313,-1328.0
314,-1190.0
315,-944.0
316,-1169.0
317,-2142.0
318,-798.0
319,-1169.0
320,-986.0
321,-1130.0
322,-2451.0
323,-1626.0
324,-891.0
325,-1338.0
326,-1488.0
327,-1621.0
328,-1852.0
329,-1642.0
330,-906.0
331,-1028.0
332,-2367.0
333,-679.0
334,-999.0
335,-1525.0
336,-901.0
337,-745.0
338,-1081.0
339,-980.0
340,-766.0
341,-1024.0
342,-881.0
343,-878.0
344,-709.0
345,-1212.0
346,-879.0
347,-1255.0
348,-1358.0
349,-695.0
350,-819.0
351,-800.0
352,-976.0
353,-936.0
354,-1053.0
355,-812.0
356,-935.0
357,-764.0
358,-926.0
359,-912.0
360,-1385.0
361,-1096.0
362,-904.0
363,-783.0
364,-1279.0
365,-761.0
366,-924.0
367,-938.0
368,-879.0
369,-830.0
370,-918.0
371,-797.0
372,-724.0
373,-873.0
374,-2564.0
375,-1049.0
376,-1113.0
377,-1407.0
378,-727.0
379,-872.0
380,-1037.0
381,-969.0
382,-721.0
383,-1027.0
384,-1102.0
385,-903.0
386,-1139.0
387,-2627.0
388,-933.0
389,-1107.0
390,-985.0
391,-1301.0
392,-962.0
393,-1372.0
394,-1111.0
395,-901.0
396,-1521.0
397,-836.0
398,-762.0
399,-744.0
400,-915.0
401,-804.0
402,-1306.0
403,-756.0
404,-1054.0
405,-736.0
406,-1646.0
407,-1293.0
408,-703.0
409,-858.0
410,-1138.0
411,-1356.0
412,-837.0
413,-1023.0
414,-935.0
415,-1174.0
416,-886.0
417,-848.0
418,-912.0
419,-844.0
420,-3183.0
421,-1436.0
422,-1011.0
423,-1032.0
424,-1497.0
425,-740.0
426,-820.0
427,-991.0
428,-744.0
429,-835.0
430,-1362.0
431,-2133.0
432,-785.0
433,-927.0
434,-1043.0
435,-1585.0
436,-1611.0
437,-1075.0
438,-908.0
439,-1705.0
440,-1031.0
441,-2052.0
442,-2082.0
443,-806.0
444,-1003.0
445,-708.0
446,-924.0
447,-838.0
448,-903.0
449,-876.0
450,-781.0
451,-1100.0
452,-1000.0
453,-941.0
454,-1124.0
455,-753.0
456,-928.0
457,-1047.0
458,-1202.0
459,-1368.0
460,-1009.0
461,-1177.0
462,-2837.0
463,-920.0
464,-890.0
465,-799.0
466,-770.0
467,-843.0
468,-639.0
469,-1115.0
470,-1135.0
471,-2004.0
472,-1708.0
473,-1248.0
474,-1039.0
475,-1026.0
476,-943.0
477,-1972.0
478,-855.0
479,-1368.0
480,-864.0
481,-887.0
482,-805.0
483,-849.0
484,-891.0
485,-721.0
486,-1341.0
487,-912.0
488,-2024.0
489,-772.0
490,-1209.0
491,-1472.0
492,-933.0
493,-884.0
494,-814.0
495,-2273.0
496,-846.0
497,-769.0
498,-965.0
499,-876.0
500,-953.0
501,-1032.0
502,-805.0
503,-1145.0
504,-811.0
505,-2328.0
506,-1511.0
507,-643.0
508,-2257.0
509,-760.0
510,-1079.0
511,-969.0
512,-1259.0
513,-902.0
514,-1169.0
515,-790.0
516,-1220.0
517,-3159.0
518,-1044.0
519,-727.0
520,-880.0
521,-779.0
522,-996.0
523,-990.0
524,-681.0
525,-593.0
526,-1368.0
527,-879.0
528,-889.0
529,-683.0
530,-1240.0
531,-1638.0
532,-873.0
533,-845.0
534,-909.0
535,-778.0
536,-849.0
537,-629.0
538,-2093.0
539,-1158.0
540,-1156.0
541,-1323.0
542,-859.0
543,-947.0
544,-822.0
545,-765.0
546,-943.0
547,-895.0
548,-1019.0
549,-807.0
550,-871.0
551,-894.0
552,-2029.0
553,-1068.0
554,-1485.0
555,-726.0
556,-738.0
557,-1388.0
558,-1526.0
559,-1028.0
560,-1539.0
561,-1302.0
562,-770.0
563,-796.0
564,-1985.0
565,-719.0
566,-848.0
567,-740.0
568,-1220.0
569,-832.0
570,-1431.0
571,-1134.0
572,-1255.0
573,-1014.0
574,-900.0
575,-884.0
576,-874.0
577,-876.0
578,-858.0
579,-760.0
580,-1546.0
581,-1278.0
582,-824.0
583,-733.0
584,-801.0
585,-1274.0
586,-675.0
587,-1320.0
588,-755.0
589,-1459.0
590,-885.0
591,-765.0
592,-780.0
593,-1376.0
594,-1228.0
595,-810.0
596,-637.0
597,-805.0
598,-885.0
599,-1238.0
600,-1419.0
601,-724.0
602,-798.0
603,-882.0
604,-812.0
605,-723.0
606,-1160.0
607,-803.0
608,-664.0
609,-632.0
610,-888.0
611,-813.0
612,-993.0
613,-1167.0
614,-1057.0
615,-1155.0
616,-1345.0
617,-1235.0
618,-1033.0
619,-1762.0
620,-851.0
621,-643.0
622,-814.0
623,-1014.0
624,-1070.0
625,-1078.0
626,-809.0
627,-1180.0
628,-1581.0
629,-927.0
630,-914.0
631,-771.0
632,-1055.0
633,-1147.0
634,-1054.0
635,-746.0
636,-801.0
637,-776.0
638,-1259.0
639,-864.0
640,-1301.0
641,-804.0
642,-1082.0
643,-891.0
644,-1699.0
645,-951.0
646,-672.0
647,-742.0
648,-943.0
649,-780.0
650,-893.0
651,-780.0
652,-1157.0
653,-829.0
654,-928.0
655,-879.0
656,-903.0
657,-936.0
658,-782.0
659,-1079.0
660,-729.0
661,-761.0
662,-819.0
663,-1172.0
664,-921.0
665,-813.0
666,-1060.0
667,-782.0
668,-793.0
669,-776.0
670,-791.0
671,-699.0
672,-853.0
673,-572.0
674,-736.0
675,-1135.0
676,-670.0
677,-795.0
678,-1363.0
679,-837.0
680,-1474.0
681,-627.0
682,-923.0
683,-943.0
684,-921.0
685,-837.0
686,-596.0
687,-784.0
688,-694.0
689,-1122.0
690,-721.0
691,-933.0
692,-779.0
693,-825.0
694,-1280.0
695,-702.0
696,-645.0
697,-777.0
698,-2256.0
699,-872.0
700,-867.0
701,-985.0
702,-1048.0
703,-1347.0
704,-613.0
705,-927.0
706,-833.0
707,-787.0
708,-838.0
709,-1099.0
710,-703.0
711,-720.0
712,-928.0
713,-793.0
714,-1065.0
715,-814.0
716,-951.0
717,-648.0
718,-789.0
719,-777.0
720,-1067.0
721,-1221.0
722,-930.0
723,-988.0
724,-833.0
725,-1383.0
726,-1050.0
727,-721.0
728,-727.0
729,-860.0
730,-1533.0
731,-1058.0
732,-766.0
733,-853.0
734,-907.0
735,-1238.0
736,-703.0
737,-1201.0
738,-968.0
739,-825.0
740,-939.0
741,-1103.0
742,-852.0
743,-1166.0
744,-686.0
745,-775.0
746,-923.0
747,-985.0
748,-592.0
749,-637.0
750,-717.0
751,-1064.0
752,-1048.0
753,-935.0
754,-1216.0
755,-1004.0
756,-782.0
757,-897.0
758,-886.0
759,-589.0
760,-718.0
761,-759.0
762,-792.0
763,-847.0
764,-585.0
765,-868.0
766,-740.0
767,-1369.0
768,-853.0
769,-811.0
770,-1203.0
771,-878.0
772,-2421.0
773,-1113.0
774,-851.0
775,-1271.0
776,-1025.0
777,-1024.0
778,-837.0
779,-615.0
780,-682.0
781,-779.0
782,-971.0
783,-995.0
784,-1154.0
785,-634.0
786,-1028.0
787,-769.0
788,-1050.0
789,-828.0
790,-1361.0
791,-1794.0
792,-991.0
793,-791.0
794,-963.0
795,-2859.0
796,-835.0
797,-2226.0
798,-609.0
799,-746.0
800,-1318.0
801,-1021.0
802,-891.0
803,-741.0
804,-775.0
805,-2046.0
806,-1083.0
807,-1183.0
808,-1992.0
809,-791.0
810,-947.0
811,-1071.0
812,-1005.0
813,-1018.0
814,-840.0
815,-704.0
816,-1116.0
817,-765.0
818,-1096.0
819,-1827.0
820,-752.0
821,-717.0
822,-1304.0
823,-1972.0
824,-848.0
825,-989.0
826,-1226.0
827,-886.0
828,-911.0
829,-655.0
830,-1148.0
831,-977.0
832,-895.0
833,-815.0
834,-800.0
835,-1651.0
836,-852.0
837,-780.0
838,-814.0
839,-798.0
840,-866.0
841,-1070.0
842,-709.0
843,-888.0
844,-696.0
845,-877.0
846,-892.0
847,-1076.0
848,-937.0
849,-1551.0
850,-1263.0
851,-710.0
852,-729.0
853,-736.0
854,-969.0
855,-1377.0
856,-917.0
857,-739.0
858,-857.0
859,-922.0
860,-811.0
861,-668.0
862,-735.0
863,-1857.0
864,-730.0
865,-960.0
866,-832.0
867,-939.0
868,-1030.0
869,-691.0
870,-907.0
871,-1131.0
872,-966.0
873,-804.0
874,-1061.0
875,-988.0
876,-1179.0
877,-855.0
878,-885.0
879,-967.0
880,-647.0
881,-1009.0
882,-1155.0
883,-1113.0
884,-1354.0
885,-1118.0
886,-900.0
887,-3190.0
888,-706.0
889,-722.0
890,-781.0
891,-806.0
892,-941.0
893,-1142.0
894,-865.0
895,-1356.0
896,-704.0
897,-962.0
898,-1354.0
899,-1154.0
900,-1464.0
901,-1168.0
902,-885.0
903,-1126.0
904,-708.0
905,-616.0
906,-809.0
907,-644.0
908,-873.0
909,-894.0
910,-712.0
911,-590.0
912,-1003.0
913,-927.0
914,-702.0
915,-1327.0
916,-870.0
917,-776.0
918,-1213.0
919,-718.0
920,-815.0
921,-777.0
922,-1008.0
923,-868.0
924,-1004.0
925,-757.0
926,-756.0
927,-1278.0
928,-977.0
929,-875.0
930,-988.0
931,-1040.0
932,-904.0
933,-845.0
934,-974.0
935,-2129.0
936,-2168.0
937,-819.0
938,-1087.0
939,-764.0
940,-2091.0
941,-904.0
942,-758.0
943,-990.0
944,-815.0
945,-716.0
946,-1725.0
947,-897.0
948,-914.0
949,-913.0
950,-1031.0
951,-656.0
952,-786.0
953,-809.0
954,-1489.0
955,-1132.0
956,-1749.0
957,-1567.0
958,-663.0
959,-788.0
960,-824.0
961,-777.0
962,-757.0
963,-884.0
964,-773.0
965,-1093.0
966,-775.0
967,-686.0
968,-858.0
969,-2433.0
970,-911.0
971,-727.0
972,-719.0
973,-697.0
974,-1964.0
975,-958.0
976,-838.0
977,-844.0
978,-956.0
979,-855.0
980,-1209.0
981,-836.0
982,-728.0
983,-755.0
984,-676.0
985,-1149.0
986,-883.0
987,-762.0
988,-615.0
989,-797.0
990,-898.0
991,-758.0
992,-744.0
993,-797.0
994,-1128.0
995,-723.0
996,-924.0
997,-1311.0
998,-905.0
999,-814.0
1000,-752.0
1001,-869.0
1002,-934.0
1003,-1116.0
1004,-696.0
1005,-831.0
1006,-745.0
1007,-918.0
1008,-767.0
1009,-926.0
1010,-781.0
1011,-1487.0
1012,-2294.0
1013,-1839.0
1014,-1200.0
1015,-1181.0
1016,-818.0
1017,-563.0
1018,-1086.0
1019,-711.0
1020,-861.0
1021,-907.0
1022,-1476.0
1023,-1083.0
1024,-1266.0
1025,-1188.0
1026,-839.0
1027,-1047.0
1028,-1389.0
1029,-935.0
1030,-925.0
1031,-920.0
1032,-1198.0
1033,-944.0
1034,-1612.0
1035,-1527.0
1036,-854.0
1037,-1203.0
1038,-1078.0
1039,-798.0
1040,-789.0
1041,-1249.0
1042,-1198.0
1043,-1005.0
1044,-1529.0
1045,-1109.0
1046,-1051.0
1047,-810.0
1048,-1390.0
1049,-811.0
1050,-1328.0
1051,-973.0
1052,-877.0
1053,-573.0
1054,-790.0
1055,-809.0
1056,-862.0
1057,-1260.0
1058,-1104.0
1059,-1156.0
1060,-999.0
1061,-846.0
1062,-1351.0
1063,-1307.0
1064,-1447.0
1065,-4179.0
1066,-1708.0
1067,-1144.0
1068,-945.0
1069,-895.0
1070,-1077.0
1071,-1402.0
1072,-985.0
1073,-1598.0
1074,-1161.0
1075,-990.0
1076,-1270.0
1077,-761.0
1078,-744.0
1079,-1590.0
1080,-1255.0
1081,-1178.0
1082,-758.0
1083,-627.0
1084,-810.0
1085,-967.0
1086,-969.0
1087,-1093.0
1088,-1205.0
1089,-618.0
1090,-1080.0
1091,-939.0
1092,-1031.0
1093,-1217.0
1094,-865.0
1095,-664.0
1096,-857.0
1097,-637.0
1098,-665.0
1099,-923.0
1100,-734.0
1101,-1112.0
1102,-1021.0
1103,-1243.0
1104,-924.0
1105,-774.0
1106,-734.0
1107,-715.0
1108,-877.0
1109,-1622.0
1110,-813.0
1111,-731.0
1112,-854.0
1113,-758.0
1114,-1038.0
1115,-831.0
1116,-715.0
1117,-707.0
1118,-911.0
1119,-923.0
1120,-836.0
1121,-886.0
1122,-647.0
1123,-852.0
1124,-855.0
1125,-811.0
1126,-1459.0
1127,-858.0
1128,-1290.0
1129,-930.0
1130,-1318.0
1131,-875.0
1132,-1355.0
1133,-1756.0
1134,-959.0
1135,-772.0
1136,-998.0
1137,-1025.0
1138,-907.0
1139,-1062.0
1140,-831.0
1141,-1181.0
1142,-1196.0
1143,-957.0
1144,-1642.0
1145,-595.0
1146,-1045.0
1147,-660.0
1148,-1172.0
1149,-1113.0
1150,-938.0
1151,-992.0
1152,-1006.0
1153,-743.0
1154,-925.0
1155,-1124.0
1156,-1744.0
1157,-1269.0
1158,-886.0
1159,-717.0
1160,-743.0
1161,-892.0
1162,-734.0
1163,-1151.0
1164,-1346.0
1165,-3531.0
1166,-664.0
1167,-913.0
1168,-604.0
1169,-1042.0
1170,-804.0
1171,-875.0
1172,-668.0
1173,-877.0
1174,-1217.0
1175,-880.0
1176,-990.0
1177,-776.0
1178,-839.0
1179,-914.0
1180,-772.0
1181,-768.0
1182,-1069.0
1183,-748.0
1184,-1348.0
1185,-922.0
1186,-744.0
1187,-693.0
1188,-724.0
1189,-1310.0
1190,-1496.0
1191,-837.0
1192,-1178.0
1193,-715.0
1194,-884.0
1195,-667.0
1196,-812.0
1197,-694.0
1198,-841.0
1199,-676.0
1200,-742.0
1201,-964.0
1202,-1629.0
1203,-600.0
1204,-737.0
1205,-869.0
1206,-1397.0
1207,-861.0
1208,-904.0
1209,-777.0
1210,-1135.0
1211,-971.0
1212,-829.0
1213,-808.0
1214,-614.0
1215,-1719.0
1216,-812.0
1217,-879.0
1218,-3181.0
1219,-788.0
1220,-845.0
1221,-930.0
1222,-1053.0
1223,-864.0
1224,-776.0
1225,-952.0
1226,-1104.0
1227,-618.0
1228,-703.0
1229,-972.0
1230,-722.0
1231,-758.0
1232,-809.0
1233,-1110.0
1234,-849.0
1235,-1402.0
1236,-846.0
1237,-2274.0
1238,-3681.0
1239,-834.0
1240,-876.0
1241,-972.0
1242,-980.0
1243,-895.0
1244,-1025.0
1245,-732.0
1246,-1100.0
1247,-839.0
1248,-1293.0
1249,-677.0
1250,-929.0
1251,-822.0
1252,-776.0
1253,-783.0
1254,-764.0
1255,-922.0
1256,-974.0
1257,-839.0
1258,-774.0
1259,-746.0
1260,-701.0
1261,-1255.0
1262,-971.0
1263,-1109.0
1264,-691.0
1265,-813.0
1266,-731.0
1267,-760.0
1268,-1347.0
1269,-941.0
1270,-758.0
1271,-734.0
1272,-1063.0
1273,-726.0
1274,-1019.0
1275,-1048.0
1276,-720.0
1277,-1104.0
1278,-1013.0
1279,-718.0
1280,-1200.0
1281,-1538.0
1282,-977.0
1283,-897.0
1284,-678.0
1285,-710.0
1286,-1024.0
1287,-979.0
1288,-908.0
1289,-1049.0
1290,-1401.0
1291,-828.0
1292,-1223.0
1293,-1101.0
1294,-776.0
1295,-734.0
1296,-893.0
1297,-773.0
1298,-865.0
1299,-979.0
1300,-674.0
1301,-680.0
1302,-1195.0
1303,-858.0
1304,-917.0
1305,-904.0
1306,-1042.0
1307,-1070.0
1308,-994.0
1309,-818.0
1310,-1325.0
1311,-745.0
1312,-1018.0
1313,-728.0
1314,-711.0
1315,-912.0
1316,-796.0
1317,-801.0
1318,-686.0
1319,-893.0
1320,-758.0
1321,-910.0
1322,-1112.0
1323,-991.0
1324,-802.0
1325,-1118.0
1326,-772.0
1327,-1058.0
1328,-730.0
1329,-865.0
1330,-944.0
1331,-893.0
1332,-1037.0
1333,-798.0
1334,-826.0
1335,-967.0
1336,-987.0
1337,-940.0
1338,-1417.0
1339,-1196.0
1340,-1095.0
1341,-951.0
1342,-710.0
1343,-1229.0
1344,-967.0
1345,-657.0
1346,-763.0
1347,-737.0
1348,-776.0
1349,-962.0
1350,-713.0
1351,-735.0
1352,-757.0
1353,-696.0
1354,-677.0
1355,-729.0
1356,-703.0
1357,-653.0
1358,-902.0
1359,-753.0
1360,-685.0
1361,-735.0
1362,-632.0
1363,-1808.0
1364,-1052.0
1365,-791.0
1366,-1232.0
1367,-735.0
1368,-1332.0
1369,-943.0
1370,-801.0
1371,-875.0
1372,-886.0
1373,-684.0
1374,-907.0
1375,-794.0
1376,-990.0
1377,-1301.0
1378,-841.0
1379,-1113.0
1380,-930.0
1381,-732.0
1382,-735.0
1383,-1602.0
1384,-763.0
1385,-705.0
1386,-1383.0
1387,-696.0
1388,-677.0
1389,-1100.0
1390,-2157.0
1391,-979.0
1392,-1021.0
1393,-1041.0
1394,-963.0
1395,-918.0
1396,-917.0
1397,-973.0
1398,-772.0
1399,-1237.0
1400,-820.0
1401,-889.0
1402,-2226.0
1403,-1304.0
1404,-3098.0
1405,-652.0
1406,-1123.0
1407,-886.0
1408,-1144.0
1409,-1200.0
1410,-1388.0
1411,-1148.0
1412,-725.0
1413,-959.0
1414,-1385.0
1415,-835.0
1416,-974.0
1417,-792.0
1418,-837.0
1419,-1131.0
1420,-768.0
1421,-1991.0
1422,-846.0
1423,-873.0
1424,-1425.0
1425,-1027.0
1426,-944.0
1427,-1112.0
1428,-1034.0
1429,-1153.0
1430,-1025.0
1431,-875.0
1432,-956.0
1433,-939.0
1434,-716.0
1435,-1234.0
1436,-1629.0
1437,-892.0
1438,-1087.0
1439,-988.0
1440,-768.0
1441,-888.0
1442,-1281.0
1443,-1134.0
1444,-697.0
1445,-864.0
1446,-726.0
1447,-1270.0
1448,-1007.0
1449,-593.0
1450,-1329.0
1451,-1088.0
1452,-825.0
1453,-810.0
1454,-881.0
1455,-1190.0
1456,-838.0
1457,-2301.0
1458,-831.0
1459,-629.0
1460,-1049.0
1461,-769.0
1462,-851.0
1463,-1056.0
1464,-1014.0
1465,-838.0
1466,-978.0
1467,-675.0
1468,-909.0
1469,-1007.0
1470,-1067.0
1471,-950.0
1472,-1192.0
1473,-804.0
1474,-2125.0
1475,-898.0
1476,-1263.0
1477,-810.0
1478,-882.0
1479,-890.0
1480,-846.0
1481,-1074.0
1482,-732.0
1483,-1102.0
1484,-829.0
1485,-947.0
1486,-1521.0
1487,-959.0
1488,-1121.0
1489,-1101.0
1490,-1035.0
1491,-1009.0
1492,-743.0
1493,-859.0
1494,-715.0
1495,-1104.0
1496,-932.0
1497,-1073.0
1498,-689.0
1499,-1074.0
1500,-835.0
